{"spot_diameter_fullres": 142.38582253945773, "tissue_hires_scalef": 0.11598237, "fiducial_diameter_fullres": 230.00786717912405, "tissue_lowres_scalef": 0.03479471}